child_id,isasd,age,butterfly,closed_fist,dua,heart,open_palm,pointing_up,spectacle,thumbs_down,thumbs_up,victory,iloveyou
C001,True,10,6,10,9,6,9,7,2,9,9,7,5
C002,False,8,4,0,3,2,0,0,2,0,2,0,0
C003,True,5,1,4,6,9,10,9,5,10,10,10,6
C004,False,9,0,5,2,3,2,2,5,3,0,0,6
C005,True,4,4,10,7,8,10,7,9,5,2,9,6
C006,False,7,0,2,0,2,4,3,2,6,0,5,7
C007,True,5,8,1,3,9,5,7,3,8,1,4,9
C008,False,7,1,4,0,1,3,6,2,2,3,7,9
C009,True,7,5,8,8,0,8,9,4,9,3,10,3
C010,False,9,5,1,0,1,1,1,0,2,3,3,10
C011,True,5,5,3,6,3,5,6,4,6,6,7,8
C012,False,7,1,6,3,3,6,10,1,2,7,4,0
C013,True,5,7,8,4,7,9,4,7,3,6,1,9
C014,False,4,0,1,2,0,9,8,2,1,8,3,7
C015,True,5,3,5,5,4,0,8,9,8,7,6,6
C016,False,9,4,0,5,6,9,1,0,7,7,9,0
C017,True,7,4,9,2,5,0,7,10,10,7,7,8
C018,False,4,3,0,4,5,0,3,4,0,4,5,3
C019,True,10,4,10,0,10,5,9,6,10,5,5,9
C020,False,6,1,3,0,6,0,0,0,1,6,0,3
C021,True,7,8,5,7,5,6,10,7,3,9,6,6
C022,False,9,2,2,0,4,1,2,1,0,2,8,4
C023,True,9,10,6,8,3,7,6,7,9,10,6,10
C024,False,6,0,5,9,0,7,5,2,4,1,6,4
C025,True,10,7,7,9,2,5,4,3,8,10,4,6
C026,False,8,0,4,7,1,2,1,1,6,4,3,1
C027,True,4,6,8,0,5,7,5,5,0,9,10,10
C028,False,6,4,5,1,0,0,5,1,1,3,0,4
C029,True,10,8,3,10,6,2,10,6,3,5,6,9
C030,False,8,4,1,2,3,0,3,8,6,2,6,0
C031,True,5,0,7,10,4,7,8,8,9,2,6,5
C032,False,9,3,1,4,0,0,1,0,1,3,1,4
C033,True,6,4,4,3,7,9,1,6,8,3,8,7
C034,False,7,2,1,0,3,6,4,0,3,0,4,1
C035,True,6,8,5,6,10,8,4,3,2,8,9,6
C036,False,6,3,2,0,0,10,6,3,0,0,4,4
C037,True,7,9,7,7,10,6,10,3,6,5,6,6
C038,False,5,1,2,3,1,5,1,7,2,3,0,0
C039,True,7,7,7,6,8,7,4,6,3,10,5,4
C040,False,8,5,4,2,5,5,6,5,1,3,9,1
C041,True,9,3,6,7,10,7,3,4,10,2,6,10
C042,False,9,3,2,3,6,1,7,5,4,7,4,0
C043,True,6,5,8,3,10,8,8,8,7,7,4,10
C044,False,5,5,1,1,0,0,5,6,0,0,4,1
C045,True,5,7,6,6,2,5,4,10,10,9,8,5
C046,False,8,1,0,2,1,1,9,2,1,3,4,2
C047,True,8,6,7,5,10,2,10,6,9,4,5,7
C048,False,10,1,6,0,1,1,0,3,7,2,4,8
C049,True,9,7,10,6,6,8,9,4,10,4,7,10
C050,False,10,0,0,1,1,1,6,5,0,0,2,6
C051,True,6,2,9,4,9,5,6,10,7,7,9,5
C052,False,4,3,0,5,0,1,3,6,1,2,5,3
C053,True,7,9,9,9,5,9,5,6,7,6,8,4
C054,False,9,3,2,2,4,1,0,0,8,3,0,2
C055,True,8,6,3,2,3,7,9,7,1,6,9,4
C056,False,4,3,3,4,3,2,4,0,1,7,3,3
C057,True,6,9,7,10,4,7,0,7,9,6,6,4
C058,False,7,0,3,2,0,1,8,0,5,2,4,5
C059,True,10,7,7,4,5,9,9,8,9,9,0,5
C060,False,10,0,1,6,1,5,2,0,6,4,0,3
C061,True,4,7,7,3,7,8,7,10,5,9,7,9
C062,False,9,6,1,1,5,5,7,4,0,1,4,7
C063,True,6,5,10,8,5,8,5,10,3,5,7,6
C064,False,4,0,2,6,8,9,4,3,4,3,1,5
C065,True,7,8,4,0,9,5,9,6,6,0,8,7
C066,False,4,0,9,5,5,1,2,1,2,3,4,9
C067,True,5,4,9,7,9,9,8,5,10,5,5,3
C068,False,9,0,3,3,5,10,1,2,10,7,0,5
C069,True,5,9,2,8,10,4,6,5,6,5,7,4
C070,False,7,3,4,2,0,6,4,6,0,0,3,0
C071,True,4,7,6,2,9,4,8,10,9,5,8,8
C072,False,4,10,0,2,9,0,0,3,2,2,2,6
C073,True,7,4,6,9,6,7,7,6,10,8,10,9
C074,False,8,0,0,0,4,1,4,1,4,1,5,1
C075,True,8,5,8,5,6,9,6,5,9,0,3,1
C076,False,7,0,0,4,0,7,0,7,2,3,3,6
C077,True,5,6,6,4,9,7,5,6,6,10,9,7
C078,False,5,0,1,2,2,0,1,0,5,5,2,2
C079,True,10,5,9,6,8,9,6,10,10,4,10,8
C080,False,7,3,0,2,0,5,7,5,8,1,0,8
C081,True,6,4,7,9,9,10,10,4,5,8,7,8
C082,False,7,2,0,5,1,2,2,0,0,1,5,1
C083,True,10,6,10,8,5,10,8,8,9,7,9,6
C084,False,6,7,2,10,0,3,5,6,2,2,4,3
C085,True,6,3,2,4,9,8,7,3,6,4,9,10
C086,False,8,3,4,4,0,8,2,10,3,2,5,3
C087,True,9,7,9,6,7,9,8,10,1,9,9,2
C088,False,6,10,3,0,4,6,1,8,4,0,9,3
C089,True,9,9,0,8,10,7,5,9,8,8,9,8
C090,False,7,4,7,9,4,1,6,4,0,1,3,3
C091,True,8,9,6,7,4,7,5,10,0,2,1,3
C092,False,6,0,0,2,10,5,0,2,1,3,7,3
C093,True,7,6,6,9,10,6,7,8,5,5,6,8
C094,False,6,8,10,4,2,1,0,5,5,0,9,0
C095,True,4,8,9,5,0,7,1,8,4,7,5,5
C096,False,9,3,6,6,2,3,8,1,1,6,5,0
C097,True,8,8,4,5,2,9,6,2,3,5,6,5
C098,False,9,0,1,1,6,2,4,3,2,1,6,1
C099,True,7,2,7,6,5,7,5,3,9,10,3,6
C100,False,7,1,0,0,2,3,1,7,7,5,1,0
C101,True,10,10,4,8,5,5,9,6,6,4,0,7
C102,False,10,6,2,1,1,5,1,1,4,0,0,6
C103,True,9,7,8,3,3,4,8,9,9,9,8,7
C104,False,9,8,5,0,1,0,0,4,3,1,6,7
C105,True,8,8,7,5,4,9,7,3,6,5,7,7
C106,False,7,4,0,10,1,0,5,2,2,2,2,4
C107,True,8,8,4,10,3,10,5,7,3,8,7,3
C108,False,4,1,1,0,7,1,1,5,2,2,3,3
C109,True,4,8,6,4,0,10,8,8,5,9,6,6
C110,False,10,7,2,0,0,7,3,9,6,2,8,3
C111,True,6,7,0,9,10,3,3,8,2,10,5,10
C112,False,7,2,0,5,3,1,2,2,4,6,4,0
C113,True,6,9,0,3,8,7,8,8,10,9,10,8
C114,False,7,0,2,4,2,1,6,2,2,1,0,4
C115,True,4,5,9,8,8,6,9,10,7,6,9,7
C116,False,6,6,1,1,2,4,0,0,1,8,2,1
C117,True,10,8,5,5,5,1,5,4,6,2,7,6
C118,False,6,3,0,8,0,1,1,1,10,4,6,2
C119,True,6,7,2,7,7,0,6,8,0,1,3,4
C120,False,6,3,2,6,4,0,1,5,0,1,0,0
C121,True,9,2,6,5,9,3,6,10,6,10,4,9
C122,False,10,2,1,7,2,5,0,1,0,10,2,2
C123,True,4,10,8,0,4,6,9,9,9,10,3,8
C124,False,7,0,0,1,2,0,6,2,1,6,2,3
C125,True,5,4,7,3,10,7,7,5,6,8,3,7
C126,False,10,2,3,0,2,5,4,4,8,0,0,0
C127,True,8,4,9,6,9,5,9,8,6,5,8,4
C128,False,8,3,5,1,2,4,4,2,0,0,1,3
C129,True,7,7,7,10,7,1,10,4,8,10,9,5
C130,False,10,3,2,1,6,1,2,4,2,4,4,7
C131,True,4,8,6,5,8,6,9,10,2,3,4,10
C132,False,7,8,0,5,2,8,2,7,8,5,0,1
C133,True,8,2,6,6,7,8,10,0,6,7,5,5
C134,False,7,4,7,3,3,3,2,2,5,0,3,3
C135,True,9,4,9,10,9,1,0,4,2,9,2,10
C136,False,8,2,0,1,0,3,2,2,6,0,2,3
C137,True,7,7,9,6,7,10,7,5,7,6,2,4
C138,False,10,4,1,0,2,8,0,2,3,9,4,5
C139,True,5,8,6,7,2,10,5,5,8,7,8,3
C140,False,10,3,2,1,1,9,0,7,4,0,3,3
C141,True,6,4,7,8,10,4,7,7,7,9,8,8
C142,False,5,5,5,5,2,3,2,3,5,3,3,4
C143,True,6,7,7,7,8,7,5,2,6,9,9,6
C144,False,6,0,2,2,2,2,0,6,7,6,0,0
C145,True,4,7,6,8,10,5,5,3,8,3,7,6
C146,False,8,1,1,1,3,6,1,1,6,1,3,2
C147,True,7,9,9,5,8,9,9,5,5,3,8,4
C148,False,7,3,1,5,8,4,7,3,4,0,2,0
C149,True,10,3,4,4,1,6,4,5,5,9,10,10
C150,False,8,0,5,5,1,0,0,5,4,3,5,0
C151,True,8,7,10,8,6,8,8,4,3,6,8,4
C152,False,6,6,10,3,6,4,2,0,1,0,7,6
C153,True,5,8,3,6,10,6,5,7,10,3,8,7
C154,False,5,0,5,1,0,0,1,0,5,9,1,0
C155,True,4,2,6,8,1,8,8,9,4,6,9,5
C156,False,8,0,1,1,0,2,1,0,1,6,0,1
C157,True,4,4,5,3,7,3,0,6,6,9,4,3
C158,False,9,3,4,2,2,1,6,0,2,0,3,5
C159,True,8,8,8,10,4,8,10,10,10,8,4,4
C160,False,6,2,2,0,5,6,2,1,0,2,0,1
C161,True,4,0,9,5,8,7,5,8,5,10,8,1
C162,False,10,0,0,3,0,0,1,0,3,1,1,4
C163,True,4,4,5,6,6,8,8,4,10,10,9,10
C164,False,8,4,6,9,7,2,9,3,0,4,0,7
C165,True,10,2,3,5,8,8,3,5,6,9,9,0
C166,False,5,0,1,4,0,0,2,0,6,5,2,0
C167,True,8,9,6,9,5,7,5,8,10,9,4,6
C168,False,9,2,3,2,5,1,7,3,1,4,3,2
C169,True,5,8,6,6,7,6,7,1,8,10,1,1
C170,False,7,0,1,7,1,4,0,6,1,5,10,8
C171,True,4,9,5,6,9,6,5,10,4,7,9,6
C172,False,8,3,2,5,1,2,9,6,5,3,3,2
C173,True,6,8,0,6,10,8,6,6,9,10,1,7
C174,False,10,2,2,3,2,0,2,4,0,3,1,1
C175,True,9,10,5,6,8,0,4,8,10,3,1,6
C176,False,6,1,2,4,0,8,0,1,8,4,4,5
C177,True,8,5,5,5,7,9,9,5,10,9,9,4
C178,False,8,0,7,2,3,1,4,10,2,1,5,4
C179,True,10,5,7,6,9,4,8,9,4,4,8,3
C180,False,5,5,2,3,1,3,6,1,1,4,0,1
C181,True,7,8,9,1,5,4,6,6,8,9,6,4
C182,False,4,2,10,3,0,9,3,1,1,2,0,3
C183,True,8,0,3,9,6,10,7,6,6,10,9,7
C184,False,4,0,2,4,5,2,9,0,0,6,3,7
C185,True,4,7,4,4,5,5,8,3,9,9,5,9
C186,False,8,1,0,4,1,2,5,5,0,0,2,5
C187,True,4,2,2,4,10,9,9,6,3,7,8,1
C188,False,5,4,5,1,2,3,0,5,1,0,5,7
C189,True,5,10,4,7,7,9,10,5,6,7,5,6
C190,False,4,1,7,6,2,2,1,3,4,0,1,0
C191,True,10,5,4,4,8,4,10,5,9,9,6,9
C192,False,10,1,0,5,0,1,0,2,5,1,3,1
C193,True,4,9,7,5,10,3,5,6,4,3,6,4
C194,False,5,2,0,0,1,0,7,4,9,0,0,2
C195,True,9,5,10,10,6,7,3,6,7,4,8,5
C196,False,5,0,2,0,7,0,2,4,3,0,2,8
C197,True,6,6,5,6,8,8,6,8,8,9,8,7
C198,False,4,0,3,1,0,3,1,1,3,7,0,3
C199,True,6,8,5,9,4,9,8,6,10,10,4,9
C200,False,6,5,2,5,4,2,7,1,4,5,1,10
C201,True,6,7,4,9,7,5,8,7,6,10,3,7
C202,False,9,3,4,5,4,3,0,0,1,0,0,2
C203,True,9,3,8,10,10,4,6,9,2,7,3,9
C204,False,5,2,4,5,0,9,4,5,1,2,2,4
C205,True,5,5,7,9,4,3,5,9,9,7,10,9
C206,False,4,0,0,4,1,0,1,1,3,1,4,5
C207,True,5,10,6,8,2,4,7,5,2,5,10,7
C208,False,6,10,2,0,3,0,1,0,0,2,9,0
C209,True,7,7,5,6,7,3,7,8,4,5,8,8
C210,False,9,4,6,1,1,3,3,0,1,1,6,3
C211,True,6,1,7,7,7,6,2,6,9,6,10,9
C212,False,6,4,0,0,2,1,3,6,0,1,5,10
C213,True,8,8,5,4,4,3,6,10,10,6,4,5
C214,False,7,4,6,2,6,1,0,6,0,0,5,0
C215,True,6,6,9,8,2,9,7,8,9,5,3,6
C216,False,5,2,0,1,3,6,5,5,4,2,6,2
C217,True,10,10,8,6,8,1,9,8,10,7,7,5
C218,False,8,2,10,2,0,2,9,0,1,1,5,2
C219,True,9,8,10,8,8,0,10,3,1,6,0,6
C220,False,8,0,4,4,0,1,7,3,2,1,3,0
C221,True,9,3,9,5,6,6,8,8,9,6,4,2
C222,False,6,5,1,0,5,3,4,1,0,4,4,6
C223,True,4,5,2,5,4,6,6,10,0,7,7,8
C224,False,4,5,1,0,0,5,0,6,6,0,1,1
C225,True,6,5,7,8,2,3,6,9,10,3,4,10
C226,False,6,3,10,0,2,10,1,0,0,5,5,2
C227,True,5,6,10,10,10,10,8,9,5,3,6,9
C228,False,6,2,6,1,4,3,0,0,0,2,1,7
C229,True,8,5,5,8,9,8,8,5,10,8,5,4
C230,False,7,0,5,2,2,0,8,2,0,6,0,0
C231,True,10,7,7,8,7,5,7,6,7,2,9,4
C232,False,9,10,3,3,0,8,0,2,4,0,2,1
C233,True,4,9,10,6,0,0,6,10,6,8,8,4
C234,False,7,0,8,3,7,0,0,3,0,2,0,4
C235,True,10,8,7,5,9,0,10,5,6,10,6,4
C236,False,6,6,3,1,1,2,7,4,3,7,0,4
C237,True,10,7,4,8,10,10,6,6,8,5,7,3
C238,False,8,3,0,5,2,0,0,6,5,8,1,6
C239,True,9,4,8,4,10,10,7,6,10,10,2,7
C240,False,4,1,4,4,0,6,2,5,3,0,3,1
C241,True,4,7,5,9,10,3,9,10,6,4,2,6
C242,False,9,3,7,1,7,1,4,5,4,0,5,5
C243,True,4,9,4,9,2,9,4,6,6,2,1,7
C244,False,10,0,2,0,5,3,2,4,4,5,5,0
C245,True,5,5,7,3,4,9,7,7,8,9,9,10
C246,False,7,0,7,5,1,0,0,1,8,6,2,2
C247,True,6,7,10,8,1,5,8,9,4,6,4,8
C248,False,4,5,2,3,4,0,7,3,9,1,2,2
C249,True,6,4,9,2,8,3,9,7,9,7,6,6
C250,False,4,2,3,1,3,1,1,0,1,1,0,6
C251,True,6,6,8,7,2,10,6,4,9,6,9,8
C252,False,10,0,1,0,1,1,0,7,1,0,2,7
C253,True,7,7,5,10,10,7,6,7,7,10,10,10
C254,False,9,1,5,3,4,1,4,0,6,7,0,3
C255,True,9,4,8,7,6,4,9,10,9,4,7,9
C256,False,10,4,4,0,1,3,5,6,2,1,1,0
C257,True,7,7,1,2,4,8,5,0,9,7,7,6
C258,False,4,0,5,3,0,2,2,0,5,7,1,3
C259,True,9,0,3,10,0,6,8,0,7,0,7,1
C260,False,8,5,1,0,1,1,5,0,1,4,3,4
C261,True,4,8,7,3,7,7,8,10,10,10,6,8
C262,False,10,4,3,5,0,0,1,1,3,0,1,3
C263,True,9,6,1,6,9,10,9,6,7,8,8,6
C264,False,8,1,6,0,0,3,1,4,6,0,3,6
C265,True,5,3,10,7,9,6,3,4,6,9,4,3
C266,False,8,4,5,9,3,0,2,2,1,3,3,4
C267,True,5,8,7,6,6,8,9,3,10,0,4,9
C268,False,5,2,1,2,1,1,4,9,4,1,2,0
C269,True,7,6,7,8,8,9,2,5,4,2,0,9
C270,False,10,1,3,4,1,0,3,6,3,3,0,3
C271,True,8,6,6,1,6,9,5,3,7,6,2,9
C272,False,6,5,5,2,0,5,1,4,5,6,0,4
C273,True,5,9,5,5,6,6,9,10,8,8,6,9
C274,False,10,6,1,5,7,2,0,3,6,4,1,1
C275,True,8,8,3,3,5,3,5,10,5,0,9,1
C276,False,8,4,2,9,2,1,2,2,2,5,5,6
C277,True,7,5,9,5,5,10,0,4,8,5,4,4
C278,False,10,0,1,5,5,3,0,3,8,1,1,3
C279,True,7,2,8,4,7,9,8,6,6,3,1,7
C280,False,7,0,4,0,1,2,0,4,0,4,2,1
C281,True,8,7,8,10,10,9,2,1,4,9,7,10
C282,False,9,4,0,3,6,5,6,7,3,0,1,6
C283,True,9,7,5,7,6,4,8,4,8,3,8,6
C284,False,5,9,2,5,1,5,3,1,4,4,3,3
C285,True,6,9,8,2,5,4,7,1,9,9,8,6
C286,False,10,0,5,2,0,3,4,3,3,7,3,1
C287,True,6,5,0,0,10,4,8,9,0,7,10,5
C288,False,7,1,4,7,2,6,5,3,0,0,2,1
C289,True,9,8,0,9,6,10,9,6,9,10,9,5
C290,False,8,0,0,8,2,2,3,2,2,1,2,3
C291,True,4,6,10,7,7,3,2,7,2,8,10,9
C292,False,6,4,0,1,0,4,4,3,0,0,5,0
C293,True,8,7,7,9,9,9,7,7,3,10,7,5
C294,False,8,1,3,3,10,4,2,3,5,4,1,3
C295,True,7,10,3,7,7,9,9,6,6,10,2,6
C296,False,8,7,2,1,4,3,1,5,5,3,5,4
C297,True,9,0,6,8,6,9,9,8,4,8,4,1
C298,False,9,9,5,0,5,3,0,1,3,0,1,4
C299,True,7,8,9,6,8,4,6,6,10,8,10,0
C300,False,8,8,3,3,2,5,5,0,3,0,0,1
C301,True,5,8,5,0,10,7,3,9,7,5,10,10
C302,False,10,3,7,5,4,1,4,0,8,5,3,2
C303,True,8,9,10,8,3,0,3,8,7,3,8,1
C304,False,8,3,6,0,0,1,3,2,0,3,0,5
C305,True,8,6,4,5,8,3,9,8,2,8,6,6
C306,False,9,2,3,5,2,2,3,3,3,3,3,0
C307,True,8,10,4,3,8,0,9,9,6,10,9,9
C308,False,8,8,9,4,2,0,1,4,4,2,0,0
C309,True,5,6,2,9,9,9,3,9,6,7,7,7
C310,False,7,4,1,1,2,2,3,4,4,5,5,2
C311,True,6,9,6,8,10,4,7,7,7,8,6,7
C312,False,5,3,3,1,0,0,1,1,4,3,6,3
C313,True,6,9,3,10,9,6,5,4,6,6,5,5
C314,False,5,0,7,7,2,0,0,3,9,5,0,0
C315,True,4,6,5,9,6,9,5,4,5,2,6,9
C316,False,9,4,1,0,4,5,3,0,1,0,0,1
C317,True,6,9,9,4,5,6,4,7,8,8,10,3
C318,False,9,5,1,1,3,2,5,0,2,6,3,2
C319,True,9,6,9,3,4,7,5,3,9,7,1,7
C320,False,9,0,1,1,4,2,4,2,1,0,10,1
C321,True,9,4,10,9,0,7,6,0,9,10,5,7
C322,False,4,1,7,5,6,5,2,5,6,3,8,3
C323,True,6,3,10,8,6,10,10,9,8,2,8,10
C324,False,5,4,1,0,2,3,2,3,6,2,1,5
C325,True,10,8,6,5,6,6,3,8,10,8,10,8
C326,False,4,1,0,1,1,2,6,5,9,0,0,5
C327,True,4,0,5,7,4,6,1,9,8,9,9,5
C328,False,9,0,3,1,7,2,1,6,7,1,2,0
C329,True,5,3,7,0,10,8,10,7,9,5,8,1
C330,False,5,3,1,8,2,0,2,5,3,1,3,9
C331,True,5,7,9,0,1,5,1,10,7,7,8,6
C332,False,6,3,2,10,2,3,9,2,7,0,5,9
C333,True,9,5,4,5,0,8,7,9,10,10,8,9
C334,False,9,1,1,0,2,1,2,2,1,2,8,4
C335,True,9,8,7,10,6,7,9,3,9,10,9,3
C336,False,8,9,4,0,4,1,7,3,5,1,8,0
C337,True,4,7,6,9,3,10,4,10,7,10,5,9
C338,False,10,5,5,5,0,5,3,0,1,6,2,6
C339,True,4,5,10,8,5,8,7,4,3,8,7,1
C340,False,10,0,0,4,1,10,3,0,1,4,3,8
C341,True,4,1,8,7,0,5,6,4,7,10,6,7
C342,False,8,5,6,0,4,5,0,0,2,0,0,6
C343,True,7,6,10,8,7,3,5,7,2,5,7,8
C344,False,6,6,5,3,5,5,10,3,4,4,1,1
C345,True,9,7,7,9,8,9,10,9,6,7,4,7
C346,False,4,5,0,4,3,0,2,0,3,1,0,3
C347,True,4,10,10,4,3,5,2,5,10,5,5,6
C348,False,10,0,2,2,0,5,10,0,8,2,8,2
C349,True,5,9,1,7,9,10,6,9,4,7,9,3
C350,False,10,4,1,2,0,5,3,3,1,4,1,4
C351,True,5,7,8,10,4,5,1,2,6,2,10,9
C352,False,7,4,2,0,2,2,1,5,0,0,8,5
C353,True,4,4,7,7,3,2,7,7,2,9,6,9
C354,False,7,2,0,3,0,4,4,3,4,0,3,0
C355,True,7,6,4,7,7,3,10,0,9,3,8,6
C356,False,9,3,2,5,8,4,4,0,2,3,4,0
C357,True,10,2,3,7,3,5,7,9,9,8,0,8
C358,False,4,6,0,5,3,0,1,8,0,1,4,3
C359,True,5,9,5,9,3,2,10,7,9,8,10,7
C360,False,8,5,3,1,5,1,4,4,1,2,5,7
C361,True,7,9,6,3,9,6,6,7,3,7,0,7
C362,False,4,1,2,1,5,1,4,8,6,1,7,2
C363,True,10,7,4,9,4,6,3,2,7,2,5,7
C364,False,10,4,4,8,3,1,1,2,0,3,4,3
C365,True,10,6,6,3,5,9,6,7,4,9,1,9
C366,False,4,5,0,7,1,1,6,8,5,5,6,6
C367,True,7,6,4,10,8,7,7,8,6,7,9,7
C368,False,9,1,0,5,1,2,0,2,0,4,4,7
C369,True,4,4,9,1,5,1,2,4,9,4,9,2
C370,False,5,2,6,5,3,6,2,2,5,4,6,1
C371,True,8,5,9,3,6,7,3,6,9,8,5,8
C372,False,7,2,0,7,1,1,1,2,0,1,0,0
C373,True,7,8,6,5,4,10,3,9,10,5,6,7
C374,False,5,0,0,3,4,2,5,4,0,5,4,6
C375,True,6,9,8,5,3,9,4,1,10,10,6,1
C376,False,10,4,2,4,7,0,4,6,3,7,1,2
C377,True,4,0,10,10,5,0,7,0,10,9,6,6
C378,False,5,0,1,1,3,3,3,7,7,2,6,5
C379,True,8,10,7,10,8,9,8,5,1,9,3,6
C380,False,5,4,4,7,0,0,3,0,2,5,1,2
C381,True,10,8,0,9,5,2,10,6,7,9,7,9
C382,False,4,5,4,6,8,2,2,5,0,7,6,3
C383,True,10,8,5,7,7,0,6,10,2,7,8,4
C384,False,9,2,1,0,0,1,3,4,3,4,4,7
C385,True,10,0,4,5,8,9,8,6,8,9,9,0
C386,False,6,5,9,0,9,3,0,0,7,3,3,1
C387,True,9,5,10,6,5,4,3,5,5,6,4,5
C388,False,4,1,2,3,0,4,4,0,2,1,0,8
C389,True,8,7,3,10,6,8,8,3,5,8,7,0
C390,False,7,2,1,2,0,10,2,10,4,1,1,3
C391,True,5,5,10,9,0,5,7,4,7,7,5,3
C392,False,7,2,0,2,3,1,6,1,10,2,3,3
C393,True,4,6,7,9,10,8,3,10,7,5,6,7
C394,False,5,0,0,0,7,4,3,0,0,9,0,8
C395,True,4,9,4,0,8,4,8,9,8,9,6,10
C396,False,10,7,3,0,5,0,4,7,5,2,7,2
C397,True,4,3,7,5,10,7,6,9,7,0,8,7
C398,False,5,0,1,7,1,2,5,6,5,5,1,1
C399,True,10,3,2,8,5,2,1,10,9,5,4,5
C400,False,9,0,1,3,1,6,0,8,0,2,1,4
C401,True,4,8,8,7,6,10,3,5,6,5,7,0
C402,False,5,0,1,4,0,5,0,2,3,0,8,0
C403,True,10,6,9,9,6,8,5,7,8,10,5,7
C404,False,7,5,1,4,1,6,6,0,0,4,4,0
C405,True,7,9,3,0,8,9,9,7,4,9,8,4
C406,False,6,0,6,1,2,2,0,7,6,4,3,0
C407,True,9,2,3,7,6,3,7,9,5,7,8,0
C408,False,10,0,4,4,0,2,6,1,6,10,4,9
C409,True,7,7,5,6,0,7,9,10,4,9,4,8
C410,False,9,1,6,2,0,3,1,5,0,3,10,6
C411,True,7,9,3,10,0,5,10,9,4,7,6,8
C412,False,4,4,6,1,0,1,3,10,9,2,2,1
C413,True,4,1,4,6,1,9,8,0,4,10,5,0
C414,False,9,8,5,4,1,2,1,8,5,0,2,0
C415,True,6,9,10,4,7,5,2,8,9,8,6,9
C416,False,5,5,1,0,2,7,4,0,2,0,6,3
C417,True,8,5,5,4,6,9,8,5,10,5,7,9
C418,False,10,5,2,6,1,0,2,6,3,1,3,3
C419,True,10,6,8,8,10,4,5,6,6,5,9,7
C420,False,7,3,3,2,4,2,0,5,0,1,8,6
C421,True,5,6,6,6,6,3,2,7,5,7,7,8
C422,False,6,3,0,0,1,4,1,1,3,6,1,5
C423,True,5,6,8,6,5,3,10,6,9,9,7,0
C424,False,6,2,2,4,2,2,1,3,1,3,0,6
C425,True,5,7,9,5,9,7,6,0,10,2,4,3
C426,False,10,1,10,0,6,2,1,6,5,4,8,5
C427,True,6,7,5,9,6,9,8,8,3,8,6,9
C428,False,7,5,1,2,0,4,2,3,0,3,0,1
C429,True,9,5,5,7,0,9,7,0,9,9,3,10
C430,False,6,3,0,10,8,0,6,3,0,1,7,3
C431,True,10,7,4,7,3,4,4,6,10,7,2,7
C432,False,10,6,1,2,2,1,9,7,4,0,0,0
C433,True,6,9,9,10,2,8,6,10,5,10,6,3
C434,False,5,3,1,0,4,1,1,5,3,0,5,0
C435,True,10,6,9,1,7,9,5,6,7,9,9,0
C436,False,9,4,1,6,1,5,9,2,3,4,0,7
C437,True,10,7,6,8,10,8,3,3,8,7,8,2
C438,False,10,4,0,1,3,3,5,1,4,4,0,1
C439,True,9,0,5,3,8,0,7,4,5,8,10,8
C440,False,4,8,3,1,7,0,1,2,0,3,0,2
C441,True,8,9,6,9,6,3,9,9,6,6,7,7
C442,False,8,5,3,0,3,5,2,0,5,3,3,3
C443,True,5,7,10,8,9,3,6,3,6,5,7,10
C444,False,4,8,4,2,2,5,6,0,0,5,7,0
C445,True,8,5,9,9,10,1,7,10,7,0,5,8
C446,False,8,1,0,3,1,0,2,1,1,1,3,5
C447,True,8,5,6,7,4,7,5,10,7,5,6,8
C448,False,6,1,0,0,1,8,2,5,3,3,1,2
C449,True,6,4,8,8,8,5,5,6,3,9,8,6
C450,False,4,1,1,1,0,5,7,2,3,2,6,2
C451,True,7,8,6,6,9,8,6,10,8,9,0,6
C452,False,8,4,2,2,0,3,2,1,0,3,2,2
C453,True,5,5,4,8,4,7,6,4,3,7,6,8
C454,False,4,1,0,0,3,2,10,4,2,2,2,4
C455,True,6,7,7,9,4,7,8,10,7,7,5,2
C456,False,10,0,2,4,0,5,2,2,2,6,2,0
C457,True,5,7,6,9,6,5,4,7,9,5,5,10
C458,False,8,9,3,2,0,0,2,4,5,6,0,0
C459,True,8,9,1,10,7,9,6,8,8,9,6,7
C460,False,8,9,6,4,1,4,4,4,3,3,1,0
C461,True,9,7,6,5,3,6,7,7,10,2,5,5
C462,False,6,5,0,3,0,0,5,2,4,5,6,1
C463,True,9,7,3,5,8,2,2,4,1,8,7,3
C464,False,9,1,0,4,1,1,3,4,1,4,2,0
C465,True,6,8,8,7,7,4,7,6,3,5,0,3
C466,False,8,3,2,7,5,2,3,4,0,1,3,0
C467,True,5,4,10,6,3,6,2,0,8,7,3,7
C468,False,5,2,1,0,0,10,1,4,0,4,4,0
C469,True,9,9,10,9,6,2,4,10,7,0,6,9
C470,False,4,4,7,7,1,5,1,2,9,0,1,0
C471,True,8,10,9,10,5,10,6,6,10,9,9,5
C472,False,8,5,4,0,5,0,2,2,2,2,7,0
C473,True,8,10,6,10,8,7,1,7,5,8,8,10
C474,False,5,0,0,9,5,0,2,3,10,0,1,0
C475,True,9,8,10,8,7,3,6,8,6,4,10,8
C476,False,8,1,1,4,3,3,0,2,2,5,3,2
C477,True,9,5,8,10,9,8,6,0,4,3,6,9
C478,False,9,0,0,7,9,9,3,0,2,5,3,1
C479,True,10,8,8,3,10,2,7,10,8,6,9,9
C480,False,5,0,2,3,0,4,4,0,2,0,3,1
C481,True,7,7,5,5,0,1,10,8,0,3,2,7
C482,False,10,0,5,0,0,5,3,6,6,2,0,0
C483,True,4,6,5,0,4,6,5,7,6,4,7,8
C484,False,9,3,1,3,1,5,1,1,5,1,1,1
C485,True,8,4,9,9,0,6,7,6,7,8,8,1
C486,False,9,6,5,3,8,4,5,5,5,5,7,0
C487,True,7,6,8,3,8,5,9,5,2,7,0,2
C488,False,6,3,1,1,0,3,5,9,1,1,3,3
C489,True,4,9,7,4,1,9,3,4,7,9,10,9
C490,False,7,3,4,2,3,4,0,1,5,3,2,6
C491,True,9,6,9,9,5,10,2,9,7,8,6,9
C492,False,7,3,5,6,4,2,2,8,3,3,3,0
C493,True,10,9,9,7,7,7,4,8,3,6,10,7
C494,False,9,3,1,3,10,2,8,2,2,7,2,4
C495,True,4,10,7,6,6,2,6,7,5,8,7,0
C496,False,4,1,4,1,5,6,2,5,8,6,0,0
C497,True,10,0,2,5,8,2,0,9,7,6,3,6
C498,False,7,0,2,0,2,1,2,7,0,10,5,4
C499,True,6,7,6,9,6,10,8,9,9,7,10,6
C500,False,6,0,0,4,2,3,1,6,1,1,1,4
C501,True,10,1,1,2,2,3,3,1,2,1,1,3
C502,True,10,1,1,1,2,1,0,3,1,2,2,2
C503,True,9,1,1,3,0,2,3,1,1,1,3,3
C504,True,4,1,1,2,1,0,2,0,1,1,2,0
C505,True,5,2,1,2,1,1,2,2,3,0,0,4
C506,True,4,2,1,0,0,2,0,2,1,1,2,3
C507,True,7,2,0,2,0,0,0,1,1,2,2,2
C508,True,4,2,1,1,1,1,1,2,2,0,0,3
C509,True,7,1,1,0,3,0,1,1,0,1,0,1
C510,True,8,1,2,1,2,0,1,0,3,2,1,2
C511,True,9,0,3,0,2,2,3,1,2,2,1,1
C512,True,9,3,3,1,3,1,2,1,1,3,0,2
C513,True,4,2,0,2,0,0,2,2,2,2,1,2
C514,True,4,1,2,2,2,1,1,2,3,1,1,2
C515,True,4,1,0,1,1,1,3,2,3,3,2,0
C516,False,9,6,8,10,7,7,7,9,9,8,9,9
C517,False,6,8,9,7,6,6,10,7,8,8,9,7
C518,False,4,8,7,9,10,8,6,8,8,8,7,6
C519,False,9,8,9,8,8,8,10,9,8,9,10,6
C520,False,4,7,10,9,8,7,6,10,10,6,8,9
C521,False,7,7,8,10,7,8,6,9,7,7,7,9
C522,False,6,6,9,8,9,10,8,6,6,9,7,10
C523,False,9,8,10,7,10,8,7,9,9,8,8,8
C524,False,7,9,7,7,10,7,7,7,8,6,6,7
C525,False,8,7,10,8,8,7,9,6,9,7,7,7
C526,False,4,9,7,7,10,8,7,9,7,10,7,8
C527,False,5,8,10,7,6,8,6,9,8,9,7,9
C528,False,9,6,10,7,9,7,8,9,9,10,7,10
C529,False,5,9,10,7,7,7,9,6,6,8,10,10
C530,False,5,8,8,8,10,8,7,6,8,9,7,8
